<?xml version="1.0" encoding="UTF-8"?>
<objects serializationModel="Studio.02.01.00">
	<object class="EncodingSetting" id="{2887259b-d724-4f97-a0e3-e8b0008e1d8d}">
		<property name="encodingFormat">
			<value>3</value>
		</property>
		<property name="quality">
			<value>37</value>
		</property>
		<relationship name="platform">
			<destination>{47aa5f62-9907-4f4c-88f3-a493e575441b}</destination>
		</relationship>
		<relationship name="encodable">
			<destination>{47aa5f62-9907-4f4c-88f3-a493e575441b}</destination>
		</relationship>
	</object>
</objects>
