<?xml version="1.0" encoding="UTF-8"?>
<objects serializationModel="Studio.02.01.00">
	<object class="MixerReturn" id="{07c486cf-bba5-429e-bbe8-8b7b9b471006}">
		<property name="overridingInputFormat">
			<value>2</value>
		</property>
		<property name="name">
			<value>Reverb</value>
		</property>
		<relationship name="effectChain">
			<destination>{5ef34c1b-fc0b-4f74-9ff8-4a9684fb2a4a}</destination>
		</relationship>
		<relationship name="panner">
			<destination>{532f1ebd-cd4c-4f52-8244-6283174c7f6f}</destination>
		</relationship>
		<relationship name="output">
			<destination>{9960a241-6667-432b-83cc-b1c4d9e7facb}</destination>
		</relationship>
	</object>
	<object class="MixerBusEffectChain" id="{5ef34c1b-fc0b-4f74-9ff8-4a9684fb2a4a}">
		<relationship name="effects">
			<destination>{30574cde-f49b-4d98-b86b-c1031797d025}</destination>
			<destination>{143e4a31-9c85-4e5f-9e60-da0f15f0b3ba}</destination>
		</relationship>
	</object>
	<object class="MixerBusPanner" id="{532f1ebd-cd4c-4f52-8244-6283174c7f6f}" />
	<object class="SFXReverbEffect" id="{30574cde-f49b-4d98-b86b-c1031797d025}">
		<property name="wetLevel">
			<value>0</value>
		</property>
		<property name="dryLevel">
			<value>-80</value>
		</property>
	</object>
	<object class="MixerBusFader" id="{143e4a31-9c85-4e5f-9e60-da0f15f0b3ba}" />
</objects>
