<?xml version="1.0" encoding="UTF-8"?>
<objects serializationModel="Studio.02.01.00">
	<object class="Workspace" id="{7f29ca4e-55ef-418c-bb74-6628e4792141}">
		<relationship name="masterEventFolder">
			<destination>{a8eb2259-98fb-4da9-95b6-0ca829ffb716}</destination>
		</relationship>
		<relationship name="masterTagFolder">
			<destination>{28320d46-9d71-4cb4-bde5-30ca622d143f}</destination>
		</relationship>
		<relationship name="masterEffectPresetFolder">
			<destination>{6ea73849-3ed4-4630-8178-efcf5cca7328}</destination>
		</relationship>
		<relationship name="masterParameterPresetFolder">
			<destination>{478622a0-6079-42a4-b24b-eaf7600e6e8f}</destination>
		</relationship>
		<relationship name="masterBankFolder">
			<destination>{ea0a3b4d-fe00-4c6e-bba2-96c52140d717}</destination>
		</relationship>
		<relationship name="masterSandboxFolder">
			<destination>{07853d1e-3ef5-475f-90f8-5856d96f0de4}</destination>
		</relationship>
		<relationship name="masterAssetFolder">
			<destination>{f2877542-c0b0-4e18-bfb6-3c6918443ca0}</destination>
		</relationship>
		<relationship name="mixer">
			<destination>{2bd6e8e1-08ad-4312-8df2-97d65100e520}</destination>
		</relationship>
		<relationship name="profilerSessionFolder">
			<destination>{07b65879-57fe-4f69-a0c7-7113e4c2c2b9}</destination>
		</relationship>
		<relationship name="platforms">
			<destination>{47aa5f62-9907-4f4c-88f3-a493e575441b}</destination>
		</relationship>
	</object>
</objects>
