<?xml version="1.0" encoding="UTF-8"?>
<objects serializationModel="Studio.02.01.00">
	<object class="Event" id="{0617cb1e-03e6-4de3-b249-fc21060d96c1}">
		<property name="name">
			<value>water-drain</value>
		</property>
		<property name="outputFormat">
			<value>2</value>
		</property>
		<relationship name="folder">
			<destination>{a8eb2259-98fb-4da9-95b6-0ca829ffb716}</destination>
		</relationship>
		<relationship name="mixer">
			<destination>{4c788085-c432-4f5f-9c0d-d2a02e13e89e}</destination>
		</relationship>
		<relationship name="masterTrack">
			<destination>{89f63d28-a874-4504-8d9f-60924162a39b}</destination>
		</relationship>
		<relationship name="mixerInput">
			<destination>{e1382e3b-0e94-4977-b4d6-5b8bbefc2543}</destination>
		</relationship>
		<relationship name="automatableProperties">
			<destination>{a7daf1f9-7e47-40d2-a6f6-c970db224b75}</destination>
		</relationship>
		<relationship name="markerTracks">
			<destination>{75825725-05ee-4d39-9b5f-7300e9d7fbf7}</destination>
		</relationship>
		<relationship name="groupTracks">
			<destination>{55d4b176-300c-49ef-81be-13f62293427a}</destination>
		</relationship>
		<relationship name="timeline">
			<destination>{5fd947c1-f4bd-4f41-adc9-3f1c01b23fed}</destination>
		</relationship>
		<relationship name="banks">
			<destination>{a677f3a2-98b2-4310-9f45-f2b9a79ba494}</destination>
		</relationship>
	</object>
	<object class="EventMixer" id="{4c788085-c432-4f5f-9c0d-d2a02e13e89e}">
		<relationship name="masterBus">
			<destination>{ddde9fa6-27ed-40c9-bcf1-46f1a1652e50}</destination>
		</relationship>
	</object>
	<object class="MasterTrack" id="{89f63d28-a874-4504-8d9f-60924162a39b}">
		<relationship name="mixerGroup">
			<destination>{ddde9fa6-27ed-40c9-bcf1-46f1a1652e50}</destination>
		</relationship>
	</object>
	<object class="MixerInput" id="{e1382e3b-0e94-4977-b4d6-5b8bbefc2543}">
		<relationship name="effectChain">
			<destination>{3488cfc0-24aa-4716-b9ad-f7b969376b72}</destination>
		</relationship>
		<relationship name="panner">
			<destination>{9f5352d3-60ec-4bc1-b9e1-0fadf2b34e65}</destination>
		</relationship>
		<relationship name="output">
			<destination>{9960a241-6667-432b-83cc-b1c4d9e7facb}</destination>
		</relationship>
	</object>
	<object class="EventAutomatableProperties" id="{a7daf1f9-7e47-40d2-a6f6-c970db224b75}" />
	<object class="MarkerTrack" id="{75825725-05ee-4d39-9b5f-7300e9d7fbf7}" />
	<object class="GroupTrack" id="{55d4b176-300c-49ef-81be-13f62293427a}">
		<relationship name="modules">
			<destination>{db51a9ee-7815-4966-a654-be7564ac3414}</destination>
		</relationship>
		<relationship name="mixerGroup">
			<destination>{63a5a50e-2803-4f94-94fe-3c817d4c929f}</destination>
		</relationship>
	</object>
	<object class="Timeline" id="{5fd947c1-f4bd-4f41-adc9-3f1c01b23fed}">
		<relationship name="modules">
			<destination>{db51a9ee-7815-4966-a654-be7564ac3414}</destination>
		</relationship>
		<relationship name="markers">
			<destination>{b450064e-17d9-4b1e-b582-09d257329050}</destination>
		</relationship>
	</object>
	<object class="EventMixerMaster" id="{ddde9fa6-27ed-40c9-bcf1-46f1a1652e50}">
		<relationship name="effectChain">
			<destination>{0ab3895e-6ef7-4ea8-b51a-cd540af35d52}</destination>
		</relationship>
		<relationship name="panner">
			<destination>{92825d12-de29-44b1-bcbb-ab5dcbb312bb}</destination>
		</relationship>
		<relationship name="mixer">
			<destination>{4c788085-c432-4f5f-9c0d-d2a02e13e89e}</destination>
		</relationship>
	</object>
	<object class="MixerBusEffectChain" id="{3488cfc0-24aa-4716-b9ad-f7b969376b72}">
		<relationship name="effects">
			<destination>{949224ca-efb8-4084-9d4b-66a59c551656}</destination>
		</relationship>
	</object>
	<object class="MixerBusPanner" id="{9f5352d3-60ec-4bc1-b9e1-0fadf2b34e65}" />
	<object class="SingleSound" id="{db51a9ee-7815-4966-a654-be7564ac3414}">
		<property name="length">
			<value>8.4056875000000009</value>
		</property>
		<relationship name="audioFile">
			<destination>{06be3f2f-69ff-41b7-acb5-e4e3ae5762a2}</destination>
		</relationship>
	</object>
	<object class="EventMixerGroup" id="{63a5a50e-2803-4f94-94fe-3c817d4c929f}">
		<property name="name">
			<value>Audio 1</value>
		</property>
		<relationship name="effectChain">
			<destination>{a091fcf1-d1cb-4791-97f2-05db99419813}</destination>
		</relationship>
		<relationship name="panner">
			<destination>{5159c357-0951-4283-b3dc-7f0eebc88849}</destination>
		</relationship>
		<relationship name="output">
			<destination>{ddde9fa6-27ed-40c9-bcf1-46f1a1652e50}</destination>
		</relationship>
	</object>
	<object class="LoopRegion" id="{b450064e-17d9-4b1e-b582-09d257329050}">
		<property name="position">
			<value>0</value>
		</property>
		<property name="length">
			<value>8.4056875000000009</value>
		</property>
		<relationship name="timeline">
			<destination>{5fd947c1-f4bd-4f41-adc9-3f1c01b23fed}</destination>
		</relationship>
		<relationship name="markerTrack">
			<destination>{75825725-05ee-4d39-9b5f-7300e9d7fbf7}</destination>
		</relationship>
	</object>
	<object class="MixerBusEffectChain" id="{0ab3895e-6ef7-4ea8-b51a-cd540af35d52}">
		<relationship name="effects">
			<destination>{939c931a-ce5e-4dd7-98a1-9864a2f0e7d3}</destination>
			<destination>{612e96cf-7704-4ef5-880a-a7fe0eaddf0b}</destination>
		</relationship>
	</object>
	<object class="MixerBusPanner" id="{92825d12-de29-44b1-bcbb-ab5dcbb312bb}" />
	<object class="MixerBusFader" id="{949224ca-efb8-4084-9d4b-66a59c551656}" />
	<object class="MixerBusEffectChain" id="{a091fcf1-d1cb-4791-97f2-05db99419813}">
		<relationship name="effects">
			<destination>{ea4f9631-35f8-4d14-896a-ea081ba5a7bf}</destination>
		</relationship>
	</object>
	<object class="MixerBusPanner" id="{5159c357-0951-4283-b3dc-7f0eebc88849}" />
	<object class="MixerBusFader" id="{939c931a-ce5e-4dd7-98a1-9864a2f0e7d3}" />
	<object class="SpatialiserEffect" id="{612e96cf-7704-4ef5-880a-a7fe0eaddf0b}">
		<property name="minimumDistance">
			<value>8</value>
		</property>
		<property name="maximumDistance">
			<value>30</value>
		</property>
		<property name="extentMode">
			<value>1</value>
		</property>
		<property name="soundSize">
			<value>10</value>
		</property>
		<property name="minimumExtent">
			<value>90</value>
		</property>
	</object>
	<object class="MixerBusFader" id="{ea4f9631-35f8-4d14-896a-ea081ba5a7bf}" />
</objects>
