<?xml version="1.0" encoding="UTF-8"?>
<objects serializationModel="Studio.02.01.00">
	<object class="Event" id="{1cff01e6-0d9f-40a7-81ee-c26f36fe113c}">
		<property name="name">
			<value>sign-hit</value>
		</property>
		<property name="outputFormat">
			<value>0</value>
		</property>
		<relationship name="folder">
			<destination>{a8eb2259-98fb-4da9-95b6-0ca829ffb716}</destination>
		</relationship>
		<relationship name="mixer">
			<destination>{8b437106-dbde-4795-8345-e802c5c71c3d}</destination>
		</relationship>
		<relationship name="masterTrack">
			<destination>{b231c072-8388-4eac-bf5d-4640db2f0a6d}</destination>
		</relationship>
		<relationship name="mixerInput">
			<destination>{1f2b354b-6269-4e7f-9002-f40a3f3f954f}</destination>
		</relationship>
		<relationship name="automatableProperties">
			<destination>{8e6369eb-7f2a-4ffd-a080-fe0dd538ae8d}</destination>
		</relationship>
		<relationship name="markerTracks">
			<destination>{9eba81b3-7510-4d03-bf80-0daee62eb501}</destination>
		</relationship>
		<relationship name="groupTracks">
			<destination>{b8603cbd-e365-4fb0-86c2-b03c0dd642e7}</destination>
			<destination>{9fe4e736-cf96-48b1-8b10-f74e3f0764fe}</destination>
		</relationship>
		<relationship name="timeline">
			<destination>{f259272c-1ab0-43ac-9985-f460bac6c9b3}</destination>
		</relationship>
		<relationship name="parameters">
			<destination>{6d1c691d-7cd1-4cf6-8c13-357f9d8135f0}</destination>
		</relationship>
		<relationship name="banks">
			<destination>{a677f3a2-98b2-4310-9f45-f2b9a79ba494}</destination>
		</relationship>
	</object>
	<object class="EventMixer" id="{8b437106-dbde-4795-8345-e802c5c71c3d}">
		<relationship name="masterBus">
			<destination>{8afe14c0-e90b-4642-b8cc-93f92bb71b96}</destination>
		</relationship>
	</object>
	<object class="MasterTrack" id="{b231c072-8388-4eac-bf5d-4640db2f0a6d}">
		<relationship name="mixerGroup">
			<destination>{8afe14c0-e90b-4642-b8cc-93f92bb71b96}</destination>
		</relationship>
	</object>
	<object class="MixerInput" id="{1f2b354b-6269-4e7f-9002-f40a3f3f954f}">
		<relationship name="effectChain">
			<destination>{c0ef8905-70d3-4298-9a39-6010d7b59cc4}</destination>
		</relationship>
		<relationship name="panner">
			<destination>{b3f70748-076f-44fe-bf34-0b44e540d12e}</destination>
		</relationship>
		<relationship name="output">
			<destination>{9960a241-6667-432b-83cc-b1c4d9e7facb}</destination>
		</relationship>
	</object>
	<object class="EventAutomatableProperties" id="{8e6369eb-7f2a-4ffd-a080-fe0dd538ae8d}">
		<property name="triggerCooldown">
			<value>500</value>
		</property>
	</object>
	<object class="MarkerTrack" id="{9eba81b3-7510-4d03-bf80-0daee62eb501}" />
	<object class="GroupTrack" id="{b8603cbd-e365-4fb0-86c2-b03c0dd642e7}">
		<relationship name="automationTracks">
			<destination>{8f086d7a-b020-4e76-8ece-e8c614abaa41}</destination>
		</relationship>
		<relationship name="modules">
			<destination>{a002ffba-397f-4129-b2ba-e861d348b639}</destination>
		</relationship>
		<relationship name="mixerGroup">
			<destination>{37007d78-60de-48f2-a16f-45ecedca272b}</destination>
		</relationship>
	</object>
	<object class="GroupTrack" id="{9fe4e736-cf96-48b1-8b10-f74e3f0764fe}">
		<relationship name="automationTracks">
			<destination>{5415c1ce-67f1-4dd2-bae5-7d5d68e341b3}</destination>
		</relationship>
		<relationship name="modules">
			<destination>{2932e07a-8b8e-43d8-894b-506899142e78}</destination>
		</relationship>
		<relationship name="mixerGroup">
			<destination>{8f8f6ad1-31dd-415b-9372-4130e0b884c9}</destination>
		</relationship>
	</object>
	<object class="Timeline" id="{f259272c-1ab0-43ac-9985-f460bac6c9b3}">
		<relationship name="modules">
			<destination>{a002ffba-397f-4129-b2ba-e861d348b639}</destination>
			<destination>{2932e07a-8b8e-43d8-894b-506899142e78}</destination>
		</relationship>
	</object>
	<object class="ParameterProxy" id="{6d1c691d-7cd1-4cf6-8c13-357f9d8135f0}">
		<relationship name="preset">
			<destination>{9d4545d4-405e-4626-bf0a-f96e501a02ed}</destination>
		</relationship>
	</object>
	<object class="EventMixerMaster" id="{8afe14c0-e90b-4642-b8cc-93f92bb71b96}">
		<relationship name="effectChain">
			<destination>{bd28ece2-483a-4770-a31e-62c740133e2c}</destination>
		</relationship>
		<relationship name="panner">
			<destination>{9f487a18-b67a-4b32-8ee4-84f89faf0995}</destination>
		</relationship>
		<relationship name="mixer">
			<destination>{8b437106-dbde-4795-8345-e802c5c71c3d}</destination>
		</relationship>
	</object>
	<object class="MixerBusEffectChain" id="{c0ef8905-70d3-4298-9a39-6010d7b59cc4}">
		<relationship name="effects">
			<destination>{763ecbc8-a8ba-47d6-837d-4a5f2ecaa5e0}</destination>
		</relationship>
	</object>
	<object class="MixerBusPanner" id="{b3f70748-076f-44fe-bf34-0b44e540d12e}" />
	<object class="AutomationTrack" id="{8f086d7a-b020-4e76-8ece-e8c614abaa41}">
		<relationship name="automator">
			<destination>{f6043b24-e05d-4659-8136-a72071cddc04}</destination>
		</relationship>
	</object>
	<object class="SingleSound" id="{a002ffba-397f-4129-b2ba-e861d348b639}">
		<property name="length">
			<value>0.33240362811791385</value>
		</property>
		<relationship name="modulators">
			<destination>{5238f601-c5c6-4576-8d6d-ec5247707c5a}</destination>
			<destination>{70d46ee9-e0b1-4869-a936-2a230c4dd38e}</destination>
		</relationship>
		<relationship name="audioFile">
			<destination>{65186915-0eb1-4e0d-8413-f8218e6e0940}</destination>
		</relationship>
	</object>
	<object class="EventMixerGroup" id="{37007d78-60de-48f2-a16f-45ecedca272b}">
		<property name="name">
			<value>Snap</value>
		</property>
		<relationship name="automators">
			<destination>{f6043b24-e05d-4659-8136-a72071cddc04}</destination>
		</relationship>
		<relationship name="effectChain">
			<destination>{3cd2448f-066e-4361-9c09-f9365803c8c2}</destination>
		</relationship>
		<relationship name="panner">
			<destination>{5893ab4c-f6f9-47ee-8da5-e2e70385ff88}</destination>
		</relationship>
		<relationship name="output">
			<destination>{8afe14c0-e90b-4642-b8cc-93f92bb71b96}</destination>
		</relationship>
	</object>
	<object class="AutomationTrack" id="{5415c1ce-67f1-4dd2-bae5-7d5d68e341b3}">
		<relationship name="automator">
			<destination>{61ca8fd4-8169-4db9-9171-b640847e4db5}</destination>
		</relationship>
	</object>
	<object class="SingleSound" id="{2932e07a-8b8e-43d8-894b-506899142e78}">
		<property name="length">
			<value>0.44406250000000003</value>
		</property>
		<relationship name="automators">
			<destination>{61ca8fd4-8169-4db9-9171-b640847e4db5}</destination>
		</relationship>
		<relationship name="audioFile">
			<destination>{f51dca5b-2f86-4e70-a1ee-aecebccc7ed4}</destination>
		</relationship>
	</object>
	<object class="EventMixerGroup" id="{8f8f6ad1-31dd-415b-9372-4130e0b884c9}">
		<property name="volume">
			<value>-4</value>
		</property>
		<property name="name">
			<value>Rattle</value>
		</property>
		<relationship name="effectChain">
			<destination>{6b11e0c7-dba0-45ea-8bfe-607d1cb75ba8}</destination>
		</relationship>
		<relationship name="panner">
			<destination>{f98d7761-bd2a-407a-bdbf-f104b9f27fbc}</destination>
		</relationship>
		<relationship name="output">
			<destination>{8afe14c0-e90b-4642-b8cc-93f92bb71b96}</destination>
		</relationship>
	</object>
	<object class="MixerBusEffectChain" id="{bd28ece2-483a-4770-a31e-62c740133e2c}">
		<relationship name="effects">
			<destination>{b7dfba00-66f6-4b73-bf77-9313b9fa87d0}</destination>
		</relationship>
	</object>
	<object class="MixerBusPanner" id="{9f487a18-b67a-4b32-8ee4-84f89faf0995}" />
	<object class="MixerBusFader" id="{763ecbc8-a8ba-47d6-837d-4a5f2ecaa5e0}" />
	<object class="RandomizerModulator" id="{5238f601-c5c6-4576-8d6d-ec5247707c5a}">
		<property name="nameOfPropertyBeingModulated">
			<value>pitch</value>
		</property>
		<property name="amount">
			<value>20.8333321</value>
		</property>
	</object>
	<object class="RandomizerModulator" id="{70d46ee9-e0b1-4869-a936-2a230c4dd38e}">
		<property name="nameOfPropertyBeingModulated">
			<value>startOffset</value>
		</property>
		<property name="amount">
			<value>8</value>
		</property>
	</object>
	<object class="Automator" id="{f6043b24-e05d-4659-8136-a72071cddc04}">
		<property name="nameOfPropertyBeingAutomated">
			<value>volume</value>
		</property>
		<relationship name="automationCurves">
			<destination>{27aaec9d-2aa5-40c4-8c81-2bf9d8e9c7ee}</destination>
		</relationship>
	</object>
	<object class="MixerBusEffectChain" id="{3cd2448f-066e-4361-9c09-f9365803c8c2}">
		<relationship name="effects">
			<destination>{90488d2f-33fc-4e99-8dea-3613c258afd2}</destination>
		</relationship>
	</object>
	<object class="MixerBusPanner" id="{5893ab4c-f6f9-47ee-8da5-e2e70385ff88}" />
	<object class="Automator" id="{61ca8fd4-8169-4db9-9171-b640847e4db5}">
		<property name="nameOfPropertyBeingAutomated">
			<value>startOffset</value>
		</property>
		<relationship name="automationCurves">
			<destination>{7c3ae390-b27d-4a8d-a3d0-1853c7bd3b7f}</destination>
		</relationship>
	</object>
	<object class="MixerBusEffectChain" id="{6b11e0c7-dba0-45ea-8bfe-607d1cb75ba8}">
		<relationship name="effects">
			<destination>{26d0254f-ac88-462c-bbca-bd4acb560271}</destination>
		</relationship>
	</object>
	<object class="MixerBusPanner" id="{f98d7761-bd2a-407a-bdbf-f104b9f27fbc}" />
	<object class="MixerBusFader" id="{b7dfba00-66f6-4b73-bf77-9313b9fa87d0}" />
	<object class="AutomationCurve" id="{27aaec9d-2aa5-40c4-8c81-2bf9d8e9c7ee}">
		<relationship name="parameter">
			<destination>{9d4545d4-405e-4626-bf0a-f96e501a02ed}</destination>
		</relationship>
		<relationship name="automationPoints">
			<destination>{d0b9eda3-6eae-4468-9372-125680086f7c}</destination>
			<destination>{50be735c-4485-4ad3-8685-9ef37edf13fe}</destination>
		</relationship>
	</object>
	<object class="MixerBusFader" id="{90488d2f-33fc-4e99-8dea-3613c258afd2}" />
	<object class="AutomationCurve" id="{7c3ae390-b27d-4a8d-a3d0-1853c7bd3b7f}">
		<relationship name="parameter">
			<destination>{9d4545d4-405e-4626-bf0a-f96e501a02ed}</destination>
		</relationship>
		<relationship name="automationPoints">
			<destination>{abb679a7-f34a-471e-8030-ce541cd772df}</destination>
			<destination>{74184af3-00c8-4c80-b278-7f2b9015dc59}</destination>
		</relationship>
	</object>
	<object class="MixerBusFader" id="{26d0254f-ac88-462c-bbca-bd4acb560271}" />
	<object class="AutomationPoint" id="{d0b9eda3-6eae-4468-9372-125680086f7c}">
		<property name="position">
			<value>5.9934318555008215</value>
		</property>
		<property name="value">
			<value>3.81469727e-06</value>
		</property>
	</object>
	<object class="AutomationPoint" id="{50be735c-4485-4ad3-8685-9ef37edf13fe}">
		<property name="position">
			<value>0</value>
		</property>
		<property name="value">
			<value>-34</value>
		</property>
		<property name="curveShape">
			<value>0.391786247</value>
		</property>
	</object>
	<object class="AutomationPoint" id="{abb679a7-f34a-471e-8030-ce541cd772df}">
		<property name="position">
			<value>0</value>
		</property>
		<property name="value">
			<value>34</value>
		</property>
	</object>
	<object class="AutomationPoint" id="{74184af3-00c8-4c80-b278-7f2b9015dc59}">
		<property name="position">
			<value>6.0180623973727423</value>
		</property>
		<property name="value">
			<value>0</value>
		</property>
	</object>
</objects>
