<?xml version="1.0" encoding="UTF-8"?>
<objects serializationModel="Studio.02.01.00">
	<object class="Event" id="{6a936d0c-8e30-4e65-a265-36ec09e571d0}">
		<property name="name">
			<value>street-ambience</value>
		</property>
		<property name="outputFormat">
			<value>0</value>
		</property>
		<relationship name="folder">
			<destination>{a8eb2259-98fb-4da9-95b6-0ca829ffb716}</destination>
		</relationship>
		<relationship name="mixer">
			<destination>{e264ceb5-c35b-45c2-9b46-0fece42c8dd0}</destination>
		</relationship>
		<relationship name="masterTrack">
			<destination>{07d3a7aa-0479-4b05-9dd0-bfd7f6efc4ad}</destination>
		</relationship>
		<relationship name="mixerInput">
			<destination>{9ec717fb-fa7f-4e4a-be7b-987b45a1cd20}</destination>
		</relationship>
		<relationship name="automatableProperties">
			<destination>{b62a7b2b-5b93-40e6-bc38-6e32d63c03df}</destination>
		</relationship>
		<relationship name="markerTracks">
			<destination>{1765c570-3132-4629-b79a-8430b06be1db}</destination>
		</relationship>
		<relationship name="groupTracks">
			<destination>{16b9a153-8133-467d-8479-309e1866e16c}</destination>
		</relationship>
		<relationship name="timeline">
			<destination>{6fdead98-a4a7-49cb-8d83-3461e130e522}</destination>
		</relationship>
		<relationship name="banks">
			<destination>{a677f3a2-98b2-4310-9f45-f2b9a79ba494}</destination>
		</relationship>
	</object>
	<object class="EventMixer" id="{e264ceb5-c35b-45c2-9b46-0fece42c8dd0}">
		<relationship name="masterBus">
			<destination>{ae8a54cd-2a9d-410a-aae5-6ca1bf18f256}</destination>
		</relationship>
	</object>
	<object class="MasterTrack" id="{07d3a7aa-0479-4b05-9dd0-bfd7f6efc4ad}">
		<relationship name="mixerGroup">
			<destination>{ae8a54cd-2a9d-410a-aae5-6ca1bf18f256}</destination>
		</relationship>
	</object>
	<object class="MixerInput" id="{9ec717fb-fa7f-4e4a-be7b-987b45a1cd20}">
		<relationship name="effectChain">
			<destination>{1869f037-9162-41cc-b37b-c7a267840169}</destination>
		</relationship>
		<relationship name="panner">
			<destination>{bc6becb3-20c5-41e3-b5e2-1becf30349dc}</destination>
		</relationship>
		<relationship name="output">
			<destination>{9960a241-6667-432b-83cc-b1c4d9e7facb}</destination>
		</relationship>
	</object>
	<object class="EventAutomatableProperties" id="{b62a7b2b-5b93-40e6-bc38-6e32d63c03df}" />
	<object class="MarkerTrack" id="{1765c570-3132-4629-b79a-8430b06be1db}" />
	<object class="GroupTrack" id="{16b9a153-8133-467d-8479-309e1866e16c}">
		<relationship name="modules">
			<destination>{13096b89-fedb-4bec-9e78-a0c8ac03fb88}</destination>
		</relationship>
		<relationship name="mixerGroup">
			<destination>{4d31e55a-ece2-48d6-9a8d-75a1f9b5f322}</destination>
		</relationship>
	</object>
	<object class="Timeline" id="{6fdead98-a4a7-49cb-8d83-3461e130e522}">
		<relationship name="modules">
			<destination>{13096b89-fedb-4bec-9e78-a0c8ac03fb88}</destination>
		</relationship>
		<relationship name="markers">
			<destination>{81542e51-48bb-4b66-b523-696024a35e26}</destination>
		</relationship>
	</object>
	<object class="EventMixerMaster" id="{ae8a54cd-2a9d-410a-aae5-6ca1bf18f256}">
		<property name="volume">
			<value>-6</value>
		</property>
		<relationship name="effectChain">
			<destination>{ce82ca8d-daa9-4f56-82e0-8e2e5e5036c8}</destination>
		</relationship>
		<relationship name="panner">
			<destination>{9eb2b0ea-ccdf-4b84-a044-00b4af6f71c5}</destination>
		</relationship>
		<relationship name="mixer">
			<destination>{e264ceb5-c35b-45c2-9b46-0fece42c8dd0}</destination>
		</relationship>
	</object>
	<object class="MixerBusEffectChain" id="{1869f037-9162-41cc-b37b-c7a267840169}">
		<relationship name="effects">
			<destination>{b2b19a3a-57e3-4e76-9eef-742dc4c5bca2}</destination>
		</relationship>
	</object>
	<object class="MixerBusPanner" id="{bc6becb3-20c5-41e3-b5e2-1becf30349dc}" />
	<object class="SingleSound" id="{13096b89-fedb-4bec-9e78-a0c8ac03fb88}">
		<property name="length">
			<value>42.306312499999997</value>
		</property>
		<relationship name="audioFile">
			<destination>{ae585c85-f5aa-4b0d-a5c2-0ed0bef2d100}</destination>
		</relationship>
	</object>
	<object class="EventMixerGroup" id="{4d31e55a-ece2-48d6-9a8d-75a1f9b5f322}">
		<property name="name">
			<value>Audio 1</value>
		</property>
		<relationship name="effectChain">
			<destination>{2ac33d77-76c9-406f-b498-d777699a1ddb}</destination>
		</relationship>
		<relationship name="panner">
			<destination>{35a3fc38-5524-4012-8628-d1f71425f6a6}</destination>
		</relationship>
		<relationship name="output">
			<destination>{ae8a54cd-2a9d-410a-aae5-6ca1bf18f256}</destination>
		</relationship>
	</object>
	<object class="LoopRegion" id="{81542e51-48bb-4b66-b523-696024a35e26}">
		<property name="position">
			<value>0</value>
		</property>
		<property name="length">
			<value>42.306312499999997</value>
		</property>
		<relationship name="timeline">
			<destination>{6fdead98-a4a7-49cb-8d83-3461e130e522}</destination>
		</relationship>
		<relationship name="markerTrack">
			<destination>{1765c570-3132-4629-b79a-8430b06be1db}</destination>
		</relationship>
	</object>
	<object class="MixerBusEffectChain" id="{ce82ca8d-daa9-4f56-82e0-8e2e5e5036c8}">
		<relationship name="effects">
			<destination>{bc16db47-75e1-47c9-8a14-8a7291551934}</destination>
		</relationship>
	</object>
	<object class="MixerBusPanner" id="{9eb2b0ea-ccdf-4b84-a044-00b4af6f71c5}" />
	<object class="MixerBusFader" id="{b2b19a3a-57e3-4e76-9eef-742dc4c5bca2}" />
	<object class="MixerBusEffectChain" id="{2ac33d77-76c9-406f-b498-d777699a1ddb}">
		<relationship name="effects">
			<destination>{2594b881-b810-42e1-9348-7276faed24ae}</destination>
		</relationship>
	</object>
	<object class="MixerBusPanner" id="{35a3fc38-5524-4012-8628-d1f71425f6a6}" />
	<object class="MixerBusFader" id="{bc16db47-75e1-47c9-8a14-8a7291551934}" />
	<object class="MixerBusFader" id="{2594b881-b810-42e1-9348-7276faed24ae}" />
</objects>
