<?xml version="1.0" encoding="UTF-8"?>
<objects serializationModel="Studio.02.01.00">
	<object class="AudioFile" id="{528d3e86-2f9b-4db2-977f-29a9f89496b7}">
		<property name="assetPath">
			<value>HotTub2.wav</value>
		</property>
		<property name="frequencyInKHz">
			<value>48</value>
		</property>
		<property name="channelCount">
			<value>1</value>
		</property>
		<property name="length">
			<value>3.2903541666666665</value>
		</property>
		<relationship name="masterAssetFolder">
			<destination>{f2877542-c0b0-4e18-bfb6-3c6918443ca0}</destination>
		</relationship>
	</object>
</objects>
