<?xml version="1.0" encoding="UTF-8"?>
<objects serializationModel="Studio.02.01.00">
	<object class="AudioFile" id="{833702da-9363-4307-ad05-9774e92bb28a}">
		<property name="assetPath">
			<value>rocksplash2.wav</value>
		</property>
		<property name="frequencyInKHz">
			<value>48</value>
		</property>
		<property name="channelCount">
			<value>1</value>
		</property>
		<property name="length">
			<value>0.90600000000000003</value>
		</property>
		<relationship name="masterAssetFolder">
			<destination>{f2877542-c0b0-4e18-bfb6-3c6918443ca0}</destination>
		</relationship>
	</object>
</objects>
