<?xml version="1.0" encoding="UTF-8"?>
<objects serializationModel="Studio.02.01.00">
	<object class="AudioFile" id="{ae585c85-f5aa-4b0d-a5c2-0ed0bef2d100}">
		<property name="assetPath">
			<value>G421_Emitters_EnvironLoop_mixdown.wav</value>
		</property>
		<property name="isStreaming">
			<value>true</value>
		</property>
		<property name="frequencyInKHz">
			<value>48</value>
		</property>
		<property name="channelCount">
			<value>1</value>
		</property>
		<property name="length">
			<value>42.306312499999997</value>
		</property>
		<relationship name="masterAssetFolder">
			<destination>{f2877542-c0b0-4e18-bfb6-3c6918443ca0}</destination>
		</relationship>
	</object>
</objects>
