<?xml version="1.0" encoding="UTF-8"?>
<objects serializationModel="Studio.02.01.00">
	<object class="AudioFile" id="{af6657a7-a378-4bab-b9c7-d5253d1b13c0}">
		<property name="assetPath">
			<value>G421_AmbientMusicLoop.wav</value>
		</property>
		<property name="isStreaming">
			<value>true</value>
		</property>
		<property name="frequencyInKHz">
			<value>44.0999985</value>
		</property>
		<property name="channelCount">
			<value>2</value>
		</property>
		<property name="length">
			<value>55.863605442176869</value>
		</property>
		<relationship name="masterAssetFolder">
			<destination>{f2877542-c0b0-4e18-bfb6-3c6918443ca0}</destination>
		</relationship>
	</object>
</objects>
