<?xml version="1.0" encoding="UTF-8"?>
<objects serializationModel="Studio.02.01.00">
	<object class="AudioFile" id="{f0d4c2be-b365-4e6f-8908-80a365037312}">
		<property name="assetPath">
			<value>taximan.wav</value>
		</property>
		<property name="frequencyInKHz">
			<value>48</value>
		</property>
		<property name="channelCount">
			<value>1</value>
		</property>
		<property name="length">
			<value>5.7483333333333331</value>
		</property>
		<relationship name="masterAssetFolder">
			<destination>{f2877542-c0b0-4e18-bfb6-3c6918443ca0}</destination>
		</relationship>
	</object>
</objects>
