<?xml version="1.0" encoding="UTF-8"?>
<objects serializationModel="Studio.02.01.00">
	<object class="ParameterPreset" id="{c457e39b-c2b2-421c-b088-50d95ddb93fb}">
		<property name="name">
			<value>Impact</value>
		</property>
		<relationship name="folder">
			<destination>{478622a0-6079-42a4-b24b-eaf7600e6e8f}</destination>
		</relationship>
		<relationship name="parameter">
			<destination>{9d4545d4-405e-4626-bf0a-f96e501a02ed}</destination>
		</relationship>
	</object>
	<object class="GameParameter" id="{9d4545d4-405e-4626-bf0a-f96e501a02ed}">
		<property name="maximum">
			<value>10</value>
		</property>
		<property name="initialValue">
			<value>0</value>
		</property>
	</object>
</objects>
